company_name,job_title,salary,workplace
西安中软卓越信息技术有限公司,python讲师+六险一金,0.8-1万/月,西安-碑林区
西安中软卓越信息技术有限公司,python讲师+六险一金,0.9-1.1万/月,西安-碑林区
拓天伟业（北京）金融信息服务有限公司,python后端开发工程师,1.5-2万/月,北京-丰台区
太平洋网络,,,广州
北京天广汇通科技有限公司成都分公司,高级爬虫工程师,1.5-2.5万/月,成都
上海凯京信达科技集团有限公司,网络爬虫工程师,1-2万/月,上海-浦东新区
上海宝尊电子商务有限公司,高级开发工程师（python爬虫）,200元/天,上海-静安区
重庆市瑞德铭科技发展有限公司成都分公司,Python运营开发（腾讯瑞德铭）,0.8-1.5万/月,异地招聘
武汉飞脉科技有限责任公司,python研发工程师,5-10万/年,武汉
上海梦创双杨数据科技股份有限公司,爬虫开发工程师,4-8千/月,成都-武侯区
南派泛娱有限公司,爬虫工程师,,杭州-西湖区
上海阿米特数据系统有限公司,爬虫软件开发工程师,1-1.5万/月,武汉
传智播客教育集团郑州分校,,1-2万/月,郑州
杭州深绘智能科技有限公司,资深爬虫架构师,1.5-3万/月,成都-双流区
厦门艾帝尔斯进出口有限公司,Python开发工程师,1.2-2.2万/月,厦门
易齐盈（重庆）电子商务有限公司,网络爬虫工程师,0.8-1万/月,重庆-南岸区
360金融,爬虫工程师,3-4万/月,上海-浦东新区
东方瑞通（天津）IT培训与服务中心,python专职高级讲师,0.8-1.5万/月,天津-南开区
南京瀚晟同创信息科技有限公司,Python开发工程师,0.7-1.5万/月,南京-雨花台区
深圳英菲项目管理有限公司,Python开发工程师,1.2-2.4万/月,深圳-南山区
浙江房超信息科技有限公司,python 爬虫工程师,6-8千/月,嘉兴
上海卓领通讯技术有限公司,爬虫工程师-西区,1-1.5万/月,上海-静安区
深圳市光速度科技有限公司,Python开发工程师（坂田）,6-9千/月,深圳-龙岗区
重庆江小白酒业有限公司,python工程师,0.7-1.1万/月,重庆-渝北区
湖南网优信息技术有限公司,网站爬虫师,4.5-6千/月,长沙
成都深思科技有限公司,爬虫开发工程师,0.6-1.2万/月,成都-高新区
扬伦信息咨询(上海)有限公司,Python爬虫工程师,0.7-1.5万/月,上海-静安区
广州小鹏汽车科技有限公司,Python爬虫工程师,2-3万/月,北京-海淀区
上海睿翎法律咨询服务有限公司,python高级爬虫工程师,0.9-1.8万/月,上海-青浦区
数云信息技术（上海）有限公司,python开发工程师（爬虫方向）,1.5-2万/月,上海
广州多益网络股份有限公司,Python爬虫研发工程师,1-2万/月,广州-黄埔区
广州龙骐贸易有限公司,Python爬虫工程师,0.8-1.5万/月,广州-白云区
武汉神目信息技术有限公司,Python 高级开发工程师,0.5-1.2万/月,武汉-洪山区
南京泽谷软件有限公司,爬虫开发工程师,0.5-1万/月,南京-江宁区
南京第三极区块链科技有限公司,Python开发工程师,1-1.5万/月,南京-鼓楼区
佛山市平河科技有限公司,Python开发工程师,0.8-1.5万/月,广州
江苏宝和数据股份有限公司,Python工程师,0.9-1.2万/月,南京
福州网乐网络科技有限公司,Python开发工程师,0.8-1.6万/月,福州
传智播客教育集团南京分校,Python就业指导专员,15-20万/年,南京-雨花台区
传智播客教育集团西安分校,Python就业指导专员(J10786)双休、六险一金,8-9千/月,西安
传智播客教育集团修正分校,python助教,10-15万/年,北京-昌平区
北大青鸟武汉宏鹏（鲁广南校区）,python讲师,8-25万/年,武汉-洪山区
广州荔枝网络有限公司,爬虫工程师,0.6-1万/月,广州-越秀区
南京钉子网络科技有限公司,网络爬虫/数据采集 8000-12000,0.8-1万/月,南京-栖霞区
江苏强业金融信息服务有限公司,爬虫开发工程师,1.5-2万/月,南京-栖霞区
深圳市换换优品科技有限公司,爬虫开发工程师,0.9-1.5万/月,深圳-福田区
广州市磐妃日用品有限公司,"高级爬虫工程师（10k-15k,五险一金，双休）",1-1.5万/月,广州-番禺区
一米信息服务（北京）有限公司,高级网络爬虫工程师,2-3万/月,北京-朝阳区
新华书店总店,Python工程师,0.7-1.4万/月,北京-西城区
深圳市达内软件有限公司,大数据/python技术支持老师,0.8-1万/月,深圳
深圳华强聚丰电子科技有限公司,Python开发工程师,1-2万/月,深圳-福田区
北京经世万方信息技术有限公司,Python 爬虫工程师,0.6-1万/月,北京-朝阳区
上海勃池信息技术有限公司,爬虫工程师(Java/Python),1.5-3万/月,上海-静安区
深圳市动车电气股份有限公司,爬虫Python  数据分析、挖掘工程师,1-1.8万/月,深圳-龙岗区
京东商城西南区域分公司,数据分析岗（python爬虫或BI方向）,0.6-1.1万/月,成都-武侯区
西安智推网络科技有限公司,Python研发工程师 爬虫,0.8-1.6万/月,西安
上海兴候信息科技有限公司,爬虫开发工程师,1-1.5万/月,上海
北京众标智能科技有限公司,爬虫开发工程师,1-1.5万/月,上海-徐汇区
上海微缘网络科技有限公司,爬虫开发工程师,0.8-1.2万/月,上海-松江区
重庆市瑞德铭科技发展有限公司成都分公司,Python运营开发（腾讯瑞德铭）,0.8-1.5万/月,异地招聘
广州外宝电子商务有限公司,Python开发工程师,1-1.5万/月,广州-荔湾区
智慧芽信息科技（苏州）有限公司,高级Python开发工程师,1.5-3万/月,上海-静安区
壹沓科技（上海）有限公司,高级Python 爬虫开发工程师,1.5-3万/月,上海-静安区
西安竹乐网络科技有限公司,Python爬虫工程师,0.7-1万/月,西安-高新技术...
浙江赛创未来创业投资管理有限公司,Python爬虫开发,10-15万/年,宁波-高新区
乐歌人体工学科技股份有限公司,Python工程师(爬虫),1-1.5万/月,宁波
苏州冷静文化传媒有限公司,爬虫工程师/python工程师,1-1.5万/月,苏州-工业园区
深圳市盛凯信息科技有限公司,Python开发工程师,1-1.5万/月,深圳-福田区
富力地产集团,爬虫开发工程师,1.2-2万/月,广州-天河区
雷技信息科技（上海）有限公司,Python开发工程师（参与公司内部开发或外派外企开发）,1.5-2万/月,上海-浦东新区
同程艺龙,python/lua开发工程师,1.5-3万/月,苏州
成都优易数据有限公司,python工程师,0.7-1.4万/月,贵阳
北京TMO管理咨询有限公司,爬虫开发工程师,1.2-2万/月,北京
北京恒昌利通投资管理有限公司,风控建模师,2-2.5万/月,北京-朝阳区
天津尚凡电子商务有限公司,Python开发工程师,1-1.5万/月,天津-南开区
浙江驿道网络科技有限公司,Python开发工程师,1-2万/月,杭州-滨江区
大连铭睿信息技术有限公司,网页爬虫工程师,0.8-1万/月,大连-高新园区
深圳市泽林软件技术有限公司,Python高级DevOps工程师,1.5-2.5万/月,深圳-南山区
鹏元征信有限公司,爬虫技术专家,3.5-6.5万/月,深圳
南京擎盾信息科技有限公司,Python开发工程师,1-1.5万/月,南京-雨花台区
北京华信智原教育技术有限公司福州分公司,爬虫数据工程师助理/不限基础,0.5-1万/月,福州-鼓楼区
浙江携职专修学院,爬虫开发工程师,0.6-1万/月,杭州-西湖区
上海北风教育培训有限公司,python开发/python讲师,1-1.5万/月,上海-浦东新区
北京敏捷艾科数据技术有限公司,Pathon爬虫开发工程师,0.6-1万/月,北京-朝阳区
杭州矛矛予科技有限公司,Python开发工程师,1.2-1.8万/月,杭州-滨江区
西安图迹信息科技有限公司,Python开发,6-8千/月,西安-高新技术...
阿基米德（上海）传媒有限公司,python高级大数据开发工程师,1.5-2万/月,上海-长宁区
上海讯实网络科技有限公司,Python爬虫工程师,1-1.5万/月,南京
北京中科模识科技有限公司,python爬虫工程师,0.8-1万/月,北京-昌平区
南京安讯科技有限责任公司,Python爬虫工程师,1-1.5万/月,南京
红上至信商务信息咨询（上海）有限公司,Python爬虫工程师,0.8-1.5万/月,西安-碑林区
杭州锐致商务咨询有限公司,python爬虫工程师,1.5-2万/月,北京-朝阳区
上海量锐信息科技有限公司,Python开发工程师,1.2-1.8万/月,上海-黄浦区
宁波海曙欧菲斯房产经纪有限公司,高级爬虫工程师,15-25万/年,杭州
上海莱蔻网络科技有限公司,高级爬虫工程师,1.5-2.5万/月,上海-徐汇区
武汉人民在线信息科技有限公司,网络爬虫研发工程师-逆向工程方向,0.8-1.5万/月,武汉
北京宏天信业信息技术股份有限公司上海分公司,Python开发工程师,1-2万/月,上海-浦东新区
河南智游臻龙教育科技有限公司,python运维工程师,0.8-1万/月,郑州
中科软科技股份有限公司,Python工程师（天津）,0.5-1万/月,天津-南开区
新奥集团股份有限公司,爬虫开发工程师,1.5-2万/月,北京-朝阳区
青岛联信商务咨询有限公司,,0.8-2万/月,青岛-市南区
携程旅行网IT技术区,爬虫工程师(J15885),2-2.5万/月,上海-长宁区
和元达信息科技有限公司,Python开发工程师,1.2-1.7万/月,异地招聘
北京卓思天成数据咨询股份有限公司,Python数据分析师,1.5-2.5万/月,北京-朝阳区
深圳法通科技有限公司,Python开发工程师,4-8千/月,深圳-龙华新区
云南微加经济信息咨询有限公司,Python开发工程师,6-8千/月,昆明
深圳市中安信业创业投资有限公司总部,爬虫工程师,1-2万/月,深圳-福田区
紫梧桐（北京）资产管理有限公司,Python高级开发工程师（爬虫）,1.5-3万/月,北京-东城区
遨游酒店信息技术（深圳）有限责任公司,Python爬虫工程师,0.8-1万/月,上海-徐汇区
深圳义合信达科技有限公司,Java开发工程师+python开发工程师+爬虫,1-1.5万/月,深圳-宝安区
江苏红网技术股份有限公司,python爬虫工程师,1-2万/月,南京
深圳市运维软件有限公司,( [ python爬虫开发工程师 ] ),4.5-6千/月,深圳-南山区
深圳前海橙色魔方信息技术有限公司,Python开发工程师,1.5-2万/月,杭州-滨江区
珠海世纪鼎利科技股份有限公司,Python讲师,2.5-3万/月,北京-海淀区
河南海融教育科技有限公司,人工智能+Python讲师,1.5-2万/月,郑州
武汉慧通远达信息技术有限公司,Python高级开发工程师,0.6-1.8万/月,武汉-江汉区
杭州筑龙信息技术股份有限公司,Python开发工程师,1.5-2万/月,杭州-滨江区
北京英视睿达科技有限公司,网络爬虫开发工程师,1-1.5万/月,北京-西城区
瓦力必达科技（北京）有限公司,Python开发工程师,1.2-2.2万/月,北京-朝阳区
成都博雅成信科技有限公司,中高级python开发工程师,0.8-1.5万/月,成都-高新区
杭州博尊信息技术有限公司,Python开发工程师,1.2-1.5万/月,杭州-下城区
奕诊（上海）医疗咨询有限公司,Python 开发,2.5-3万/月,上海-徐汇区
深圳市拓保软件有限公司,大数据开发-wl,0.8-1.5万/月,重庆
深圳市比邻互动网络科技有限公司,数据采集工程师/数据挖掘工程师(火车头）,0.8-1万/月,广州-海珠区
深圳市爱影互联文化传播有限公司,搜索引擎(文件搜索)工程师,0.8-1.5万/月,深圳-福田区
深圳爱琳国际品牌管理有限公司,PHP开发工程师（小程序）（高薪急聘）,0.8-1.5万/月,广州-海珠区
林同棪国际工程咨询（中国）有限公司,BIM大数据软件工程师,0.8-1万/月,重庆
石家庄新华电脑学校,Python讲师,6-8千/月,石家庄
北京千锋互联科技有限公司,python讲师,2-3万/月,广州-天河区
徐州易豪思房地产经纪有限公司,克而瑞爬虫工程师,0.6-1万/月,徐州
四川智信九鼎科学技术评估有限公司,Python数据工程师,5-8千/月,成都-高新区
上海优克锡企业管理顾问有限公司,资深爬虫工程师,2-3.5万/月,济南-市中区
苏州金智渠信息技术有限公司,爬虫开发工程师,0.6-1.5万/月,苏州-工业园区
广州一一网络技术有限公司,Python 后端开发工程师,1-1.8万/月,广州-天河区
深圳市前海房极客网络科技有限公司,爬虫开发工程师,1-2万/月,深圳-南山区
南京夏娃金融信息服务有限公司,Python开发工程师,0.5-1万/月,南京-建邺区
杭州多麦电子商务股份有限公司,移动端爬虫工程师,1-2万/月,杭州-江干区
深圳市北科瑞声科技股份有限公司,自然语言处理工程师,1-2万/月,深圳-南山区
成都启发分期科技有限公司,爬虫工程师,1-1.5万/月,成都-高新区
上海嘉果信息科技有限公司,资深爬虫工程师,2-4万/月,上海
上海容大教育培训有限公司,python讲师 IT行业,2-3万/月,上海-普陀区
上海量加网络科技有限公司,Python开发工程师,1.2-2.1万/月,上海-长宁区
成都聚思力信息技术有限公司,Python开发工程师,1.2-1.6万/月,成都
湖南潭州教育网络科技有限公司成都分公司,python设计师,4-8千/月,成都-武侯区
青岛东邻虎网络科技有限公司,Python爬虫工程师,4.2-6千/月,青岛-市南区
成都云禾网信科技有限公司,爬虫（python）工程师,0.6-1万/月,成都-龙泉驿区
北京科理集创科技有限公司,爬虫工程师/python工程师,1.5-2万/月,苏州
深圳市思奇博睿科技有限公司,Python爬虫技术开发,0.8-1万/月,深圳-南山区
广州妙思电子科技有限公司,Python Web 爬虫工程师,0.6-1.1万/月,广州-越秀区
广东雀鸟科技有限公司,Python爬虫开发工程师,0.8-1.2万/月,广州-天河区
西安软件服务外包学院,人工智能讲师,0.8-1万/月,西安
成都嗨翻屋科技有限公司,Spark开发工程师,1.5-2万/月,成都-高新区
百视通网络电视技术发展有限责任公司,PHP工程师,15-20万/年,上海
深圳丝路天地电子商务有限公司,Python开发工程师,1-2万/月,深圳-南山区
无锡市朝霞网络科技有限公司,Python开发工程师,0.8-1.5万/月,无锡
泰豪迈能,Python开发工程师,10-15万/年,上海-长宁区
辽宁中嘉博众教育科技有限公司,Python方向讲师,0.8-1万/月,沈阳-浑南区
广州市华誉电脑系统有限公司,Python高级开发工程师,0.6-1万/月,广州-白云区
嘉兴市索贝进出口有限公司,网络爬虫,0.8-1万/月,嘉兴
中科博宏（北京）科技有限公司,Python开发工程师,1.5-3万/月,北京-朝阳区
深圳市希仑科技有限公司,Python Web后端开发,0.8-1万/月,广州-天河区
广州迪奥信息科技有限公司,python工程师,6-8千/月,广州-天河区
深圳格隆汇信息科技有限公司,Python开发工程师,1-1.5万/月,深圳-南山区
广东国晖律师事务所,Python开发工程师,3.5-7千/月,深圳
广州银典信息科技有限公司,Python开发工程师,4.5-6千/月,广州-天河区
上海外服（武汉）人力资源服务有限公司,应用研发工程师-爬虫,0.8-1.2万/月,武汉-武昌区
深圳市弘长科技有限公司,Python开发工程师,1-1.5万/月,深圳-南山区
湖南钧扬网络技术有限公司,大数据采集/爬虫工程师,0.8-1.4万/月,长沙-岳麓区
上海同梁智能科技有限公司,Python爬虫,6-8千/月,上海-杨浦区
杭州大块科技有限公司,爬虫/python工程师,1.2-2.4万/月,杭州-西湖区
中承（浙江）供应链管理股份有限公司,Python爬虫开发,0.5-1.2万/月,宁波-高新区
北京号外科技有限公司,python爬虫工程师,0.8-1.5万/月,北京-海淀区
广东集成数据有限公司,,5-8千/月,异地招聘
万得信息技术股份有限公司（Wind资讯）,业务爬虫工程师,,南京
深圳市恒程科技创新服务有限公司,爬虫开发工程师,1.5-2万/月,深圳-南山区
杭州贝睿企业咨询管理有限公司,,2-3万/月,杭州-滨江区
广州市电牛医药科技有限公司,Python开发工程师,8-10万/年,广州-番禺区
北京华清远见科技发展有限公司济南分公司,急聘Python讲师,6-8千/月,济南
北京阿博泰克北大青鸟信息技术有限公司,Python数据分析产品设计师,,北京
钱咖网络科技（上海）有限公司,Python开发工程师,1.2-1.8万/月,上海-黄浦区
福韵数据服务有限公司,java爬虫软件工程师,0.8-1.2万/月,长沙-雨花区
南通东华软件有限公司,Python开发工程师,1.1-1.9万/月,上海-浦东新区
深圳市腾讯计算机系统有限公司,MIG03-AI数据处理工程师（深圳）,,深圳
天津市普迅电力信息技术有限公司,资深java研发工程师（IT）,1-1.5万/月,天津-西青区
富士康科技集团成都科技园,数据采集工程师,0.8-1.5万/月,成都-郫都区
深圳市西德利集团有限公司,数据挖掘工程师,0.8-1万/月,深圳-宝安区
浙江联保网络技术有限公司,,2-3千/月,杭州-拱墅区
成都蓝源信息技术有限公司,Python高级开发（爬虫）,20-40万/月,成都-高新区
上海文军信息技术有限公司,Java高级开发工程师,1.1-2.2万/月,上海-闵行区
深圳市易流科技股份有限公司,大数据开发工程师,1.5-2.5万/月,西安-高新技术...
上海汇银（集团）有限公司,数据开发工程师,1.5-2.5万/月,上海-静安区
深圳市多度科技有限公司,技术部经理（邻道传媒）,1.5-3万/月,深圳-南山区
深圳市一览网络股份有限公司,Java开发工程师,1-1.5万/月,深圳
雷技信息科技（上海）有限公司南京研发中心,Python开发工程师,1.5-2万/月,南京-建邺区
深圳智人环保科技有限公司,Python开发工程师,0.8-1.5万/月,深圳-南山区
同程网络科技股份有限公司,python开发工程师,,北京
深圳市尚诚信息技术有限公司,初级Python开发工程师,6-8千/月,深圳-福田区
成都迈思信息技术有限公司,爬虫开发工程师（会java）,1-1.5万/月,深圳
深圳市聚美堂科技有限公司,Python开发工程师,1-2万/月,深圳-龙岗区
深圳市蓝鹰立德软件咨询有限公司,Python高级开发工程师,1-1.5万/月,深圳-宝安区
北京千锋互联科技有限公司深圳分公司,Python讲师,1.5-3万/月,深圳-宝安区
北京阿博茨科技有限公司武汉分公司,高级爬虫工程师,1-1.5万/月,武汉
深圳市长亮科技股份有限公司,java开发（上海平安银行常驻）,1-2万/月,上海
亚联财小额贷款,数据挖掘工程师,0.8-1.2万/月,深圳
中科宇图科技股份有限公司河南分公司,GIS工具研发工程师,0.8-1万/月,郑州-高新区
上海梅斯医药科技有限公司—生物谷＆MedSci,测试工程师,1-1.5万/月,浙江省
广东全彩科技有限公司,运维工程师,0.8-1万/月,广州-天河区
陕西云谷教育科技有限公司,Python讲师,1-1.5万/月,西安-莲湖区
上海凯融信息科技有限公司,Python开发/深度学习,0.7-1.5万/月,上海-普陀区
广州名城建筑设计院有限公司,Python工程师,0.6-1万/月,广州-天河区
广州牵引力教育科技有限公司,Python讲师/python工程师,1.5-2万/月,广州-白云区
四川融合融信息技术有限公司,爬虫工程师+双休+五险+年终奖+节假日福利,6-8千/月,成都-成华区
上海阿特门计算机技术有限公司,爬虫开发工程师,0.8-1.2万/月,上海-浦东新区
南京基食信息技术有限公司,高级爬虫工程师,1.5-2.5万/月,南京-雨花台区
武汉微思敦网络技术有限公司,python开发工程师（深圳）,1-1.5万/月,深圳-南山区
上海博为峰软件技术有限公司,Python开发工程师,6-8千/月,杭州
深圳市涌浪网络技术有限公司,Python工程师（爬虫方向）,15-20万/年,深圳-南山区
贵州开拓未来计算机技术有限公司,python爬虫工程师,4-6千/月,贵阳
深圳市佳创科技有限公司,初级python爬虫开发工程师(双休+奖金),4.5-6千/月,东莞-南城区
深圳国泰安数据技术有限公司,人工智能算法工程师,1-1.5万/月,合肥-高新区
万库标杆科技有限公司,高级软件开发工程师,2-2.5万/月,北京-海淀区
上海纳客宝信息技术有限公司,大数据挖掘工程师,1.8-2.5万/月,上海-闵行区
广州市超体信息技术有限公司,PHP开发工程师（小程序）,1-1.2万/月,成都-青羊区
深圳市德科信息技术有限公司,数据采集师,0.8-1万/月,上海-浦东新区
广州白云工商高级技工学校,大数据开发教师,0.5-1万/月,广州
北京拓尔思信息技术股份有限公司,数据采集工程师（天津）,4.5-6千/月,天津-南开区
北京新中商数据科技有限公司上海分公司,后端开发工程师,1-1.5万/月,上海-黄浦区
北京北财教育科技有限责任公司,大数据系统架构师,2.5-3万/月,北京-大兴区
纬创资通（中山）有限公司,数据处理工程师,4.5-6千/月,中山
上海信而富企业管理有限公司,大数据工程师,1.5-3万/月,上海-长宁区
温州星原统计服务有限公司,后端PHP开发工程师,6-9万/年,温州
武汉静乐互联科技有限公司,高级php软件工程师,6-8千/月,武汉-洪山区
深圳友德医科技有限公司,中高级Python开发工程师,1.5-3万/月,深圳-南山区
杭州前方信息技术有限公司,爬虫开发工程师,1.2-2.5万/月,杭州-西湖区
北京汉能光伏投资有限公司,爬虫工程师(025452),1.5-2万/月,北京
浙江联合中小企业资产管理有限公司,爬虫工程师,1.5-3万/月,杭州-江干区
青岛信舆数识科技有限公司,爬虫开发工程师,0.8-1万/月,青岛-黄岛区
智招网（北京）科技有限公司,高级爬虫工程师,1.5-2.5万/月,北京-海淀区
北京众荟信息技术股份有限公司,Python开发工程师,1.3-2.5万/月,北京-海淀区
武汉白虹软件科技有限公司,Python开发工程师,5-9千/月,武汉
江西先达网络科技有限公司,python研发工程师,0.8-1万/月,武汉-洪山区
深圳市易诺建设工程有限公司,网络爬虫工程师,0.7-1万/月,深圳-南山区
南宁西岸枫谷商务数据有限公司,Python开发工程师,5-6千/月,南宁
南京基食信息技术有限公司,爬虫开发工程师（实习）,3-4.5千/月,南京-雨花台区
武汉微思敦网络技术有限公司,高级Python开发工程师（深圳）,2-3万/月,深圳-南山区
杭州美间科技有限公司,爬虫工程师,0.8-1.5万/月,杭州-西湖区
深圳市博悦科创科技有限公司,急聘爬虫开发工程师,1.4-1.5万/月,深圳-福田区
深圳融天云科软件技术有限公司,python后台开发,1-1.5万/月,深圳-南山区
深圳市易赚科技有限公司,爬虫工程师,0.8-1.5万/月,深圳-南山区
深圳市富龙小额贷款有限公司,爬虫工程师,1-2万/月,深圳
睿思商业智能（深圳）有限公司,[SQR27]Python实习生,4.5-7千/月,深圳-福田区
江苏万和系统工程有限公司,Python 讲师,1.2-2万/月,南京-雨花台区
成都安美勤信息技术股份有限公司,Python高级研发工程师,0.6-1.5万/月,成都-高新区
上海国鑫安盈金融信息服务有限公司,资深爬虫开发工程师,1-3万/月,上海-闵行区
上海国羲融资租赁有限公司,资深爬虫开发工程师,1-3万/月,上海-闵行区
成都菲斯特房地产营销策划有限公司,爬虫开发工程师,6-8千/月,成都
南方都市报,爬虫开发工程师,1-1.5万/月,广州-越秀区
中经网数据有限公司,Python后端开发工程师,1-3万/月,北京-西城区
北大医疗信息技术有限公司,Python开发工程师,0.7-1.4万/月,北京-海淀区
深圳市腾讯计算机系统有限公司,18796-后台开发工程师（深圳）,,深圳
深圳市腾讯计算机系统有限公司,26711-汽车业务开发组长（北京）,,北京
深圳市腾讯计算机系统有限公司,26711-后台开发工程师（北京）,,北京
北京华信智原教育技术有限公司福州分公司,人工智能讲师,0.6-1.2万/月,福州-鼓楼区
北京华信智原教育技术有限公司福州分公司,人工智能讲师,0.6-1.2万/月,异地招聘
学慧帮（上海）企业管理咨询有限公司,,200元/天,上海-徐汇区
深圳讯腾软件技术有限公司,(急聘) python爬虫开发工程师,4.5-6千/月,深圳-南山区
上海索思数据科技有限公司,爬虫开发工程师,3-5千/月,上海-徐汇区
深圳华义信息技术有限公司,爬虫开发工程师实习生,5-8千/月,深圳-南山区
上海联创世纪企业管理咨询有限公司,python岗位,3-6千/月,上海-浦东新区
厦门蒙友互联软件有限公司,ASP.NET开发工程师,0.8-1.6万/月,异地招聘
杭州电魂网络科技股份有限公司,大数据开发讲师,0.8-1.5万/月,杭州-滨江区
比亚迪股份有限公司,大数据高级工程师,1-2万/月,深圳
佛山市博纳德信息科技有限公司,数据开发工程师,1-2万/月,广州-天河区
北京北大方正电子有限公司,大数据技术专家J11191,4-5万/月,北京-海淀区
深圳智慧园区信息技术有限公司,人工智能数据工程师（代）,1.5-3万/月,深圳-南山区
成都迈思信息技术有限公司,爬虫工程师（舆情方向）,0.7-1.5万/月,成都
广州寄锦教育科技有限公司,爬虫开发工程师,1-1.5万/月,广州-天河区
深圳市炫彩酷游科技有限公司,Python开发工程师,1-1.5万/月,深圳-南山区
长沙极度信息技术有限公司,,0.7-1.2万/月,长沙-雨花区
苏州闻道网络科技股份有限公司,Python工程师,4-6.5千/月,苏州-工业园区
云南能投物流有限责任公司,Python开发工程师,4.5-6千/月,昆明
南京云蜻蜓信息科技有限公司,爬虫开发工程师,0.8-1.5万/月,南京-建邺区
上海斯睿德信息技术有限公司,Python开发工程师,5-7千/月,上海
深圳市前海锐义金融服务有限公司,爬虫工程师,1.5-2万/月,深圳-福田区
上海翼倍信息科技有限公司,爬虫开发工程师,1-1.5万/月,上海-普陀区
上海九筹投资有限公司,爬虫开发工程师,0.5-2万/月,上海
沈阳尚观云科技有限公司,Python讲师,0.8-1.2万/月,沈阳-和平区
上海全旗金融信息服务有限公司,爬虫工程师,1-2万/月,上海-闵行区
上海斯睿德信息技术有限公司,数据采集工程师,5-7千/月,上海-浦东新区
北京金山安全管理系统技术有限公司,,3-6千/月,北京
卓望信息技术（北京）有限公司,JAVA开发工程师-广州(002397),15-20万/年,广州
卓望控股有限公司,后台开发工程师(002672),25-40万/年,北京-丰台区
浙江智普信用评估有限公司,python开发工程师,0.7-1.4万/月,杭州-余杭区
广州中地会资讯发展有限公司,爬虫开发工程师,0.8-1.5万/月,广州
北京网络职业学院,Python 数据分析/人工智能讲师,1.8-2.5万/月,北京-房山区
长沙阡寻信息科技有限公司,网络爬虫研发工程师,0.8-2万/月,长沙-岳麓区
美团点评,数据产品经理（爬虫）—外卖事业部#3975,2-2.5万/月,北京
浙江诺诺网络科技有限公司,爬虫开发工程师,1-1.8万/月,杭州
北京一天天教育科技有限公司,python助教讲师,1-1.5万/月,上海-浦东新区
北京一天天教育科技有限公司,python讲师,2-2.5万/月,上海-浦东新区
爱客科技（深圳）有限公司,网络爬虫 后台工程师,1-2万/月,深圳-南山区
爱客科技（深圳）有限公司,网络爬虫 高級后台工程师,1.8-3.5万/月,深圳-南山区
黑龙江中软国际信息技术有限公司,Python讲师助理,3-4.5千/月,哈尔滨-南岗区
郑州启凡计算机软件有限公司,Python开发（爬虫）实习助理,4.5-6千/月,郑州-中原区
湖南家边购实业集团有限公司,招爬虫--Python高级开发工程师,1-1.5万/月,长沙-开福区
石家庄明妄信息技术有限公司,python爬虫工程师,3-4.5千/月,石家庄
杭州大搜车汽车服务有限公司,Python研发工程师（爬虫方向）07-01-28,0.9-1.5万/月,杭州-余杭区
北京丰源星际传媒科技有限公司,python爬虫师工程师,1-1.5万/月,北京-西城区
福建滴咚共享科技股份有限公司,AI初级工程师,0.8-1.2万/月,福州
无锡智慧城市建设发展有限公司,大数据开发工程师,0.8-1万/月,无锡
中国电子科技网络信息安全有限公司,高级测试工程师,1-1.6万/月,成都
西安易流物联科技有限公司,大数据开发工程师,1-2万/月,西安-高新技术...
杭州芸品绿信息科技有限公司,后端开发工程师,1.5-3万/月,异地招聘
海南易居旅游地产经纪有限公司,资讯及数据运营经理/主管,6-8千/月,海口
成都哈斯卡科技有限公司,数据分析（挖掘）工程师（经理）,1.5-2.5万/月,成都
苏州思必驰信息科技有限公司,知识图谱高级开发工程师,3-4万/月,北京-海淀区
青岛智能产业技术研究院,数据采集工程师,0.6-1万/月,异地招聘
珀莱雅化妆品股份有限公司,大数据分析（电商）,0.8-1.5万/月,杭州-西湖区
上海卯月科技有限公司,PHP开发工程师,1-1.5万/月,上海-普陀区
天泽信息产业股份有限公司,数据开发工程师,0.6-1.2万/月,南京
青岛幽空互联科技有限公司,区块链技术研究员,0.8-1.5万/月,上海
蜜源（广州）新媒体科技有限公司,资深PHP开发工程师,1.5-2.5万/月,广州-白云区
江苏骏环昇旺科技产业股份有限公司,大数据开发工程师（数据处理方向）,0.8-1万/月,南京-玄武区
江西省博汇九洲金融服务有限公司,Python开发工程师,6-8千/月,南昌-红谷滩新区
深圳市前海合派科技有限公司,python开发工程师,1-2万/月,深圳
飞扬集团,Python开发工程师—新材料促进中心,1-2万/月,深圳
中兴软创科技股份有限公司,Python开发工程师,1-2万/月,南京-江宁区
上海图趣信息科技有限公司（Wayz.ai）,数据爬虫工程师(地理/地图),1.5-3万/月,上海-浦东新区
北京比特大陆科技有限公司,后端及爬虫工程师-深圳-01007,1.5-2.5万/月,深圳-南山区
广州商脉网络科技有限公司（成都分公司）,,0.7-1.2万/月,成都-高新区
上海博为峰软件技术有限公司,爬虫数据信息处理工程师,5-7千/月,杭州-余杭区
广东源恒软件科技有限公司,高级爬虫开发工程师,1.3-1.8万/月,广州
深圳市宏博伟智科技有限公司,爬虫工程师,1-1.8万/月,深圳-龙岗区
广州市骑鹅游信息技术咨询服务有限公司,JAVA爬虫工程师,1-1.5万/月,广州
北京一天天教育科技有限公司,Python 讲师,1500元/天,上海-浦东新区
湖南潭州教育网络科技有限公司成都分公司,python助教提供两餐接受实习生,4.5-6千/月,成都-高新区
深圳商虫云网络有限公司,爬虫开发工程师,1-2万/月,深圳
深圳前海移联科技有限公司,爬虫开发工程师,1.2-1.8万/月,深圳-南山区
成都无糖信息技术有限公司,Python开发工程师,0.8-1.4万/月,成都-高新区
上海育创网络科技股份有限公司,python讲师,1-1.5万/月,上海-浦东新区
上海天玑科技股份有限公司,Python开发工程师,1.5-2万/月,杭州
上海德拓信息技术股份有限公司,数据爬虫工程师,0.7-1.2万/月,上海-徐汇区
融投世界科技有限公司沈阳分公司,网络爬虫工程师,1-2.5万/月,沈阳
融投世界科技有限公司,网络爬虫工程师,1-2万/月,异地招聘
北京柯锐特信息技术有限公司,Python开发工程师,1-1.5万/月,北京
深圳市荣创投资管理有限公司,区块链-python工程师,1-1.8万/月,深圳-南山区
广州千寻大数据科技有限公司,Python开发工程师,1.5-2万/月,广州-天河区
二六三网络通信股份有限公司,JAVA开发工程师(爬虫）,1.2-1.8万/月,杭州-西湖区
上海融斗金融信息服务有限公司,爬虫开发工程师,1.5-2.5万/月,上海-长宁区
怡和科技（上海）有限公司,开发实习生-大数据（可留用）,0.8-1.2万/月,上海-黄浦区
广州名城建筑设计院有限公司,数据采集工程师/数据挖掘工程师,0.8-1万/月,广州-天河区
广州西洋汇信息技术有限公司,全栈工程师,1.5-2万/月,广州-海珠区
广州西洋汇信息技术有限公司,,0.5-1万/月,广州-海珠区
湖南新环境房地产经纪连锁有限公司,急聘系统架构师税后15K,1.4-1.5万/月,长沙-雨花区
上海玩胜网络科技有限公司广州分公司,Python开发工程师（实习）,4-6千/月,广州-天河区
北京世纪超星信息技术发展有限责任公司,爬虫工程师,5-6千/月,北京-海淀区
广州森美浪贸易有限公司,爬虫开发工程师,7-10万/月,广州-越秀区
杭州有数金融信息服务有限公司,爬虫开发工程师(2019届应届生),2-4千/月,杭州-江干区
厦门蒙友互联软件有限公司,ASP.NET开发工程师,0.8-1.6万/月,异地招聘
厦门蒙友互联软件有限公司,ASP.NET开发工程师,0.8-1.6万/月,异地招聘
厦门蒙友互联软件有限公司,ASP.NET开发工程师,0.8-1.6万/月,异地招聘
广东优德科技有限公司,PHP高级工程师,0.8-1.2万/月,广州-天河区
广东优德科技有限公司,PHP高级工程师,0.8-1.2万/月,异地招聘
深圳天源迪科信息技术股份有限公司北京办事处,大数据开发工程师,1-1.5万/月,北京-海淀区
上海海晏威固国际贸易有限公司,信息技术经理,0.8-1万/月,上海-杨浦区
广东长隆集团有限公司,大数据工程师,1-1.5万/月,广州-番禺区
华大基因,中级数据审编工程师,0.8-1.2万/月,武汉
江苏天康物业服务有限公司,大数据架构师,1-1.5万/月,苏州
深圳梵谷人力资源有限公司,爬虫开发工程师,1.5-2.5万/月,异地招聘
深圳梵谷人力资源有限公司,爬虫开发工程师,1.5-2.5万/月,异地招聘
深圳梵谷人力资源有限公司,爬虫开发工程师,1.5-2.5万/月,异地招聘
上海冰鉴信息科技有限公司,爬虫开发工程师,14-32万/年,成都-高新区
苏州橘子网络科技股份有限公司,爬虫开发工程师,0.7-1.5万/月,苏州
广东优德科技有限公司,Python工程师,0.5-1万/月,广州-天河区
重庆云上航空票务股份有限公司,数据爬虫工程师,0.6-1.2万/月,重庆
珠海市智图数研信息技术有限公司,爬虫工程师,0.8-1.5万/月,珠海-香洲区
富士康科技集团New PCEBG事业群,Python应用开发工程师,1-1.5万/月,深圳-南山区
上海基分文化传播有限公司,Python开发工程师,2-3.5万/月,上海-浦东新区
厦门艾帝尔斯进出口有限公司,Python高级开发工程师,4-6千/月,厦门
浙江智普信用评估有限公司,python实习生,2-3千/月,杭州-余杭区
浙江联保网络技术有限公司,,2-3千/月,杭州-拱墅区
上海画龙信息科技有限公司,,3-4.5千/月,上海-徐汇区
广东优德科技有限公司,,3-5千/月,广州-天河区
广州壹零软件技术有限公司,爬虫开发工程师,1-1.5万/月,广州-天河区
深圳市源极光科技有限公司,Python开发工程师,1-1.5万/月,深圳-南山区
深圳市前海谷雨网络科技有限公司,Python开发工程师,1.5-2万/月,深圳-南山区
重庆誉存大数据科技有限公司,网络爬虫工程师,0.6-1.5万/月,重庆-渝北区
中冶赛迪重庆信息技术有限公司,中高级爬虫工程师,1.2-2.4万/月,重庆
Transcosmos,PHP中级开发工程师,1-1.5万/月,上海-静安区
北京永信至诚科技股份有限公司,渗透测试工程师/安全工程师（实验室职位）,1-2.5万/月,北京
成都大淘客科技有限公司,数据采集工程师,1.5-2万/月,成都-高新区
四川无声信息技术有限公司,协议分析工程师,0.8-1万/月,成都
中天金融集团股份有限公司,客户画像工程师,1-1.5万/月,贵阳
上海之江生物科技股份有限公司,深度学习算法工程师（之江智能）,1-2.5万/月,上海-闵行区
年享人力资源管理（上海）有限公司,Python开发工程师,1.5-2万/月,上海-黄浦区
深圳市谷熊网络科技有限公司,Python高级开发工程师,1-1.5万/月,深圳-福田区
达内时代科技集团有限公司,Python讲师 (MJ004002),1.5-3万/月,北京
爱信诺征信有限公司,网络爬虫工程师,0.7-1万/月,北京-海淀区
成都智库二八六一信息技术有限公司,python工程师,1-2万/月,成都-高新区
上海载和网络科技有限公司,Python工程师,1-1.5万/月,上海-浦东新区
杭州深绘智能科技有限公司,爬虫开发工程师,1.5-3万/月,成都-双流区
北京天行网安信息技术有限责任公司,Python开发工程师,1-1.5万/月,北京-海淀区
艾瑞咨询集团,爬虫研发工程师,0.5-1万/月,上海-徐汇区
艾瑞咨询集团,爬虫研发主管,1-1.8万/月,上海-徐汇区
深圳市祺浩达科技有限公司,初级Python开发工程师-爬虫,5-8千/月,深圳-南山区
北京欣如信科技有限公司,Python助理（爬虫）,4.5-6千/月,异地招聘
深圳市库瑞德科技有限公司,2018年Python爬虫工程师,5-6千/月,南宁
深圳电竞风暴科技有限公司,Python高级爬虫工程师,2.5-3.5万/月,深圳-南山区
上海汇正财经顾问有限公司,爬虫开发主管（Python语言）,2.5-3万/月,上海
安徽科大国创云网科技有限公司,高级软件工程师,0.8-1.5万/月,合肥
广州西洋汇信息技术有限公司,高级全栈工程师,2-3万/月,广州-海珠区
上海方立数码科技有限公司,自然语言处理工程师,2.5-5万/月,上海-普陀区
广州国萃花卉交易有限公司,数据分析员,6-8千/月,广州-荔湾区
湖南新环境房地产经纪连锁有限公司,急聘系统架构师15K,1.4-2万/月,长沙-雨花区
北京万方软件股份有限公司,软件开发工程师,0.5-1万/月,北京
北京北信源软件股份有限公司,大数据采集研发工程师,0.8-1.2万/月,南京
中山市盛游网络科技有限公司,嵌入式逆向工程师,2-5万/月,异地招聘
济南展达电子技术有限公司,Java开发工程师,3-6千/月,济南-市中区
瀚华金控股份有限公司,大数据开发工程师/数据仓库ETL工程师,0.6-1万/月,重庆-渝北区
广州合摩计算机科技有限公司,文本挖掘算法工程师,20-30万/年,广州-天河区
杭州有盾网络科技有限公司,图像算法工程师,1.7-3.5万/月,杭州-滨江区
南京辰阔网络科技有限公司,Java开发工程师,1-1.4万/月,南京
上海焕兴网络科技有限公司,网络安全研发工程师,0.8-1.5万/月,杭州-西湖区
聚信立,C#开发工程师,0.6-1万/月,上海-徐汇区
上海逸默智能科技有限公司,高级开发工程师/高级爬虫工程师,0.6-1.2万/月,重庆-渝北区
广州火焰信息科技有限公司,爬虫开发实习生,2-4千/月,广州-海珠区
深圳市卓达电子有限公司,PHP PYTHON开发工程师,0.8-2万/月,深圳
西安亿商汇聚信息技术有限公司,Java开发爬虫工程师,6-8千/月,西安
上海靖奇投资管理有限公司,高级Python软件工程师/Python构架师,2-3万/月,上海-徐汇区
上海东篱信息科技有限公司,Python开发工程师,0.7-1.4万/月,上海-徐汇区
浙江知桥知识产权代理有限公司,文字/图片爬虫工程师,6-8千/月,杭州-西湖区
成都国星宇航科技有限公司,爬虫工程师（中级）,0.5-1万/月,成都-高新区
北京商高科技有限公司,Python开发工程师,2-2.5万/月,北京-丰台区
北京麦圃国际咨询顾问有限公司,中级程序员（Python）,0.8-1.3万/月,北京-朝阳区
上海微盟企业发展有限公司,爬虫开发工程师,1.8-3万/月,上海-宝山区
北京一览科技有限公司,高级网络爬虫工程师,2-4万/月,北京-朝阳区
上海商有网络科技有限公司,爬虫开发工程师,1.5-2.5万/月,上海-嘉定区
深圳市创业二路科技有限公司,python讲师,1.5-2万/月,深圳-宝安区
上海橘涞金融信息服务有限公司,PHP 数据分析 爬虫 开发工程师,6-8千/月,上海-浦东新区
广州市诚毅科技软件开发有限公司,,0.8-1.2万/月,广州
广州聚焦网络技术有限公司,爬虫工程师,1-2万/月,广州
北京中环信科科技股份有限公司,爬虫工程师,1-1.5万/月,北京
“前程无忧”51job.com（光谷）,Python开发工程师,,武汉-洪山区
广州时时美电子商务有限公司,python 开发工程师,0.6-1.2万/月,广州-荔湾区
上海奉贤区八维宏烨培训学校,python高级讲师,1.5-2万/月,上海-奉贤区
广东亿迅科技有限公司,爬虫工程师,1.4-2.8万/月,广州-海珠区
西安华众电子科技股份有限公司,Python开发工程师,0.5-1.5万/月,西安
深圳市新国都技术股份有限公司,网络爬虫工程师,1.5-2.5万/月,深圳-南山区
深圳市好科科技有限公司,Python高级开发工程师,1-2.5万/月,深圳-南山区
PPmoney万惠集团,爬虫工程师 (MJ000769),1-3万/月,异地招聘
四川万益能源科技有限公司,ETL兼爬虫工程师,1-1.5万/月,成都
汇正财经上海分公司,爬虫开发工程师（三年爬虫经验优先）,2-3万/月,上海
苏州盈天地资讯科技有限公司,数据开发&爬虫工程师,5-8千/月,苏州-高新区
上海数据交易中心有限公司,大数据研发工程师,1.5-2.5万/月,上海
广州浩瀚汇通信息科技有限公司,算法工程师（专家）,2-4万/月,广州-天河区
广州浩瀚汇通信息科技有限公司,高级算法工程师,1.5-2万/月,广州-天河区
广州浩瀚汇通信息科技有限公司,算法工程师,1.2-3.3万/月,广州-天河区
郑州金惠计算机系统工程有限公司,研发工程师,1-1.5万/月,北京-海淀区
浙江瀚叶股份有限公司上海分公司,爬虫工程师,1.5-2千/月,上海-浦东新区
上海复星高科技（集团）有限公司,爬虫工程师,1.5-2千/月,上海-徐汇区
广州润普网络科技有限公司,Python开发工程师,4-7千/月,广州-天河区
北京小红花科技有限公司,大数据工程师----实习生/毕业生/***,3-6千/月,北京-朝阳区
TCL集团工业研究院,人工智能及大数据研究方向实习生,2-3千/月,武汉
上海芬木网络科技发展有限公司,金融软件开发工程师（Java）,1-2.5万/月,上海-闵行区
深圳市长亮科技股份有限公司,JAVA开发（上海平安银行常驻）,1-2万/月,上海
上海方立数码科技有限公司,自然语言处理工程师 （实习）,3-6万/月,上海-普陀区
上海方立数码科技有限公司,初级语义工程师,0.8-2万/月,上海-普陀区
百纳（武汉）信息技术有限公司,Java开发工程师,1-1.5万/月,武汉-洪山区
泰豪迈能,算法工程师,15-20万/年,上海-长宁区
南昌市潘达奇科技有限责任公司,php程序员,0.7-1.2万/月,南昌
安徽人与科技发展股份有限公司,,0.5-1万/月,合肥
车音智能科技有限公司,信息安全工程师,1.5-2万/月,深圳-南山区
武汉志嘉伟业科技有限公司,大数据工程师,10-15万/年,武汉-武昌区
东华软件股份公司,数据抓取工程师,0.8-1.6万/月,成都
广州每信信息科技有限公司,爬虫讲师,15-20万/年,异地招聘
北京汉能光伏投资有限公司,爬虫工程师,1.5-2万/月,北京
北京TMO管理咨询有限公司,Python开发工程师,1.5-2万/月,北京
北京千锋互联科技有限公司,python讲师,2.5-3万/月,武汉-洪山区
中经网数据有限公司,爬虫开发工程师,0.7-1.6万/月,北京-西城区
南京国图信息产业有限公司,中级python开发工程师,1-1.5万/月,南京
上海博泰悦臻电子设备制造有限公司,爬虫方向开发工程师,,上海
北京盛德信联科技有限公司,web爬虫和分析工程师,1.5-2万/月,北京
上海十露盘科技有限公司,Python开发工程师,1.5-2.5万/月,上海-浦东新区
苏州派维斯信息科技有限公司,Python开发工程师,5-8千/月,苏州-高新区
武汉莱博信息技术有限公司,python开发工程师（实习职位）,1.5-2.5千/月,武汉-洪山区
熵一资产管理（上海）有限公司,,120元/天,上海-浦东新区
广州龙骐贸易有限公司,Python实习生,3-4.5千/月,广州-白云区
上海斯睿德信息技术有限公司,Python工程师,5-8千/月,上海
上海斯睿德信息技术有限公司,,100元/天,上海-浦东新区
有米科技股份有限公司,,70元/天,广州
深圳市芒柠科技有限公司,高级爬虫工程师,1.5-2.5万/月,深圳-南山区
上海画龙信息科技有限公司,资深爬虫工程师,20-40万/年,上海-徐汇区
万宝盛华企业管理咨询（上海）有限公司,爱尔兰电商咨询外企Python DevOps Engineer,1.5-2万/月,上海
上海众廉科技股份有限公司,爬虫开发工程师,0.6-1万/月,武汉
南京甄视智能科技有限公司（简称：小视科技）,高级爬虫工程师,1.3-1.8万/月,南京-江宁区
上海高重信息科技有限公司,爬虫开发工程师,1-1.5万/月,上海-静安区
北京融联世纪信息技术有限公司,Java开发工程师,1.5-2万/月,北京
北京华招易联信息技术有限公司,数据采集工程师,5-8千/月,南京-秦淮区
四创科技有限公司,大数据工程师,0.8-1.5万/月,福州
华泰财产保险有限公司,总公司数据管理部数据开发岗(004675),0.8-1万/月,长沙-雨花区
和金在线（北京）科技有限公司,大数据开发工程师,1-2万/月,上海-浦东新区
广州赛意信息科技股份有限公司,SCRAPY技术顾问(爬虫),1-1.5万/月,广州
印孚瑟斯技术（中国）有限公司,爬虫工程师-阿里外包,6-8千/月,杭州-滨江区
韦博网讯科技（北京）有限公司,爬虫开发工程师,1.5-2万/月,北京
深圳市鹏城汇科技有限公司,PHP+PYTHON开发工程师,1-1.5万/月,深圳-龙岗区
中兴软创科技股份有限公司,Python工程师,1-1.5万/月,南京-江宁区
东方瑞通（天津）IT培训与服务中心,python高级讲师,2000元/天,天津-南开区
南京擎盾信息科技有限公司,网络爬虫工程师,5-9千/月,南京-雨花台区
上海北风教育培训有限公司,Python讲师,1-1.5万/月,上海-浦东新区
深圳市源极光科技有限公司,爬虫工程师,1-2万/月,深圳-南山区
深圳市前海谷雨网络科技有限公司,爬虫开发工程师,1-2.5万/月,深圳-南山区
中冶赛迪重庆信息技术有限公司,初级爬虫工程师,0.6-1.2万/月,重庆
艾瑞咨询集团,Python爬虫开发工程师,1.5-3万/月,北京
银谷普惠信息咨询（北京）有限公司,python爬虫工程师,1-2万/月,北京-朝阳区
创业伞投资有限公司,数据开发工程师（python爬虫方向）,0.7-1.2万/月,上海-杨浦区
博能直融（上海）数据科技有限公司,Python爬虫工程师,20-40万/年,上海-青浦区
赛业（广州）生物科技有限公司,Python爬虫工程师,6-8千/月,广州
乐其网络科技有限公司,Python爬虫工程师（杭州）,0.8-1.5万/月,杭州-滨江区
四川超凡知识产权服务股份有限公司,,0.8-1万/月,成都-高新区
信励（上海）信息科技有限公司,数据采集工程师,1-2万/月,上海-杨浦区
郑州金惠计算机系统工程有限公司,研发经理,1.5-2万/月,北京-海淀区
苏宁消费金融有限公司,应用运维,1.5-2万/月,南京
上海迈坦信息科技有限公司,数据分析实习生,3-4.5千/月,上海-浦东新区
深圳市奥肯特科技有限公司,平台软件工程师,1.5-2万/月,深圳-南山区
上海宝尊电子商务有限公司,大数据工程师,,上海
湖南竞网智赢网络技术有限公司,BI工程师,1-1.5万/月,长沙
富德保险控股股份有限公司,数据开发岗,0.7-1.3万/月,深圳-龙岗区
上海水象金融信息服务有限公司,自然语言处理（NLP）工程师,1.5-4万/月,上海-闵行区
广州若羽臣科技股份有限公司,Web前端开发,3-8千/月,广州-黄埔区
浙江鸿程计算机系统有限公司,技术总监（工业大数据）,2.5-3万/月,杭州
苏州工品汇信息科技有限公司,数据开发工程师,0.9-1.8万/月,苏州-工业园区
上海辛辣网络科技有限公司,PHP开发工程师,1-2万/月,上海-徐汇区
广东民询通征信有限公司,技术总监,1.5-2万/月,广州-海珠区
上海好居信息科技有限公司,爬虫开发工程师,1.5-3万/月,上海-浦东新区
武汉科思沃斯教育科技有限公司,Python讲师,0.8-1万/月,武汉
重庆猪八戒网络有限公司,爬虫开发工程师,0.6-1万/月,重庆-渝北区
杭州卓典金融信息服务有限公司,爬虫开发工程师,1.5-3万/月,杭州-江干区
星空文化传媒（广州）股份有限公司,python量化交易,1-2万/月,广州-天河区
上海企创信息科技有限公司,高级爬虫研发工程师/架构师,1.5-2万/月,上海-普陀区
四川斐讯信息技术有限公司,爬虫工程师,1-1.5万/月,成都-高新区
清美CG武汉学院,python讲师,8-10万/年,武汉-洪山区
河南新华电脑学院,网络爬虫开发讲师（五险一金）,0.8-1万/月,郑州-中原区
游族网络,Python开发工程师-base北京,1.2-1.8万/月,北京-东城区
MobData大数据云平台,爬虫开发工程师,1.5-3万/月,上海-徐汇区
翔傲信息科技（上海）有限公司,资深爬虫工程师（电商、媒体）,1.5-2.5万/月,上海-普陀区
爱客科技（深圳）有限公司,高级爬虫组开发经理,2.5-5万/月,深圳-南山区
浙江浙大中控信息技术有限公司,爬虫工程师,1-1.5万/月,杭州-滨江区
北京八维研修学院,Python教学研发经理,2-2.5万/月,北京-海淀区
数营米谱（上海）网络科技有限公司,高级爬虫工程师,2-2.5万/月,上海
房价网/fangjia.com,pyhon爬虫工程师,6-8千/月,上海-长宁区
武汉莱博信息技术有限公司,数据采集/爬虫（实习生）,1.5-2.5千/月,武汉-洪山区
广州金科企业征信有限公司,爬虫工程师,0.8-1.5万/月,广州-天河区
永安期货股份有限公司,爬虫开发工程师,15-20万/年,杭州-江干区
浙江大华技术股份有限公司,爬虫工程师,15-25万/年,杭州-滨江区
网易集团,高级爬虫工程师,1.5-2万/月,广州-天河区
宜信公司,Phthon爬虫开发工程师(10022210),2.5-3万/月,北京
拓达云计算有限公司,Python讲师,0.8-1.2万/月,郑州-金水区
华院分析技术（上海）有限公司,爬虫工程师,0.8-1万/月,成都
北京九城口岸软件科技有限公司,爬虫工程师,0.8-1.5万/月,广州
上海阿吉豆投资管理咨询有限公司,数据应用工程师（算法分析应用）,1.8-2.2万/月,上海-闵行区
湖南新环境房地产经纪连锁有限公司,急聘系统架构师15K,1-1.5万/月,长沙-雨花区
北京TMO管理咨询有限公司,Java开发工程师,1-1.5万/月,北京
南京药石科技股份有限公司,机器学习工程师,0.9-1.6万/月,南京-浦口区
上海链集电子商务有限公司,后端高级研发工程师（架构方向）,1.5-5万/月,上海-普陀区
广东东创投资控股有限公司,数据专员实习生,2-3千/月,广州-海珠区
北京恒美广告有限公司上海分公司,数据分析主管,1.5千/月,上海
北京大数元科技发展有限公司,实习生(计算机、财政、财务相关专业),2-3千/月,北京-海淀区
深圳平安综合金融服务有限公司（平安金服）,数据分析师（深圳，集团合规团队）,14-28万/年,深圳
上海泽恩实业有限公司,高级数据处理工程师,2-2.5万/月,上海
红上至信商务信息咨询（上海）有限公司,Python爬虫工程师,0.6-1万/月,西安-碑林区
西安图迹信息科技有限公司,数据分析师,0.8-1万/月,西安-高新技术...
北京华招易联信息技术有限公司,Java高级开发工程师（食药监项目）,1-1.5万/月,南京-秦淮区
中电长城网际系统应用有限公司,安全研究员,1-1.4万/月,北京-昌平区
上海讯实网络科技有限公司,初级运维,4-6千/月,南京-雨花台区
上海讯实网络科技有限公司,DBA/ETL工程师（MySQL方向）,1-1.5万/月,南京-雨花台区
广州亿图自动控制系统有限公司,大数据开发工程师,0.8-1万/月,广州
杭州鲍洱机电有限公司,网络工程师,6-8千/月,杭州-滨江区
港华投资有限公司,数据运营专员,6-7千/月,苏州
山西绿萝科技有限公司,人工智能实习生,3-4.5千/月,太原
辽宁立科信息工程有限公司,Java开发工程师（数据抓取）,0.7-1.2万/月,沈阳-和平区
广州龙骐贸易有限公司,Python开发工程师,1-1.5万/月,广州-白云区
艾瑞咨询集团,技术副总监,2-4万/月,北京
深圳自然一度科技有限公司,ODOO开发工程师,1.5-2.5万/月,异地招聘
深圳自然一度科技有限公司,ODOO开发工程师,1.5-2.5万/月,异地招聘
智慧芽信息科技（苏州）有限公司,高级软件工程师 （大数据处理）,1.5-2.5万/月,苏州-工业园区
上海特思尔大宇宙商务咨询有限公司,PHP开发工程师,1-1.5万/月,上海-静安区
北京鼎普科技股份有限公司,爬虫工程师,1-2万/月,北京
艺诺艺术有限公司,中高级Python开发工程师,1.5-2万/月,上海-徐汇区
某外资上市人力资源公司,数据爬虫工程师,1.2-1.6万/月,北京-朝阳区
南京小安信息科技有限公司,网络爬虫工程师,1-1.5万/月,深圳-宝安区
北京TMO管理咨询有限公司,数据分析1004,2-5千/月,北京
北京北大方正电子有限公司,数据采集工程师J11314,2-3千/月,异地招聘
广州若羽臣科技股份有限公司,Web前端开发（实习生）,2-4千/月,广州
北京TMO管理咨询有限公司,数据分析1001,2-5千/月,异地招聘
北京TMO管理咨询有限公司,数据分析1003,2-5千/月,异地招聘
北京TMO管理咨询有限公司,数据分析1001,2-5千/月,异地招聘
重庆维普资讯有限公司,中级软件工程师(Python),0.6-1.2万/月,重庆-渝北区
华夏信财股权投资管理有限公司,Java工程师（爬虫、数据分析、大数据方向）,1.5-2万/月,上海-浦东新区
广东蔚海移动发展有限公司,爬虫工程师,0.8-1.5万/月,广州
北京天宇威视科技股份有限公司,Java爬虫开发工程师,6-8千/月,北京-海淀区
深圳市易世通达贸易有限公司,高级爬虫工程师,1.2-1.8万/月,深圳-南山区
北京乐卡车联科技有限公司,高级大数据抓取工程师,1-1.5万/月,北京-朝阳区
魔方公寓,BI工程师,1-1.5万/月,上海-闵行区
北京泛鹏天地科技股份有限公司,数据建模分析师,0.8-1.5万/月,北京
中电长城网际系统应用有限公司,安全工程师,0.8-1.2万/月,北京-昌平区
上海数据交易中心有限公司,爬虫开发工程师,1.5-2万/月,上海
广州浩瀚汇通信息科技有限公司,爬虫专家/爬虫高级研发,1.5-2.5万/月,广州-天河区
杭州大树网络技术有限公司,爬虫工程师,1-2万/月,杭州-拱墅区
欢聚时代（多玩YY）,爬虫工程师 (MJ000927),1-1.7万/月,异地招聘
通联数据股份公司,爬虫工程师-南京-00251,0.7-1.5万/月,南京-建邺区
深圳市学灯教育科技有限公司,爬虫开发工程师,0.8-1.2万/月,广州-天河区
深圳市芒柠科技有限公司,Python开发工程师,0.8-1.5万/月,深圳-南山区
华夏信财股权投资管理有限公司,Java工程师（爬虫、大数据方向）,1.5-2.5万/月,上海-浦东新区
北京传智播客教育科技有限公司,Python就业指导老师(J10736),1-1.5万/月,北京-顺义区
传智播客教育集团顺义校区,python助教,1-1.5万/月,北京-顺义区
北京传智播客教育科技有限公司,python研发工程师(J11045),1-2万/月,北京-昌平区
福州网乐网络科技有限公司,Python开发工程师,0.8-1.6万/月,异地招聘
江苏普非信息科技有限公司,python 爬虫工程师（优秀应届生可培养）,4.5-6千/月,南京-浦口区
广东盟讯科技有限公司,Python爬虫工程师(双休 7险1金),0.5-1万/月,广州-番禺区
成都传不科技有限公司,数据分析/python爬虫数据采集,0.7-1万/月,成都-武侯区
北京传智播客教育科技有限公司,python研发工程师（爬虫方向）(J11045),1.5-2.2万/月,北京-昌平区
广州市云润大数据服务有限公司,爬虫开发工程师/采集器工程师(python),0.6-1.5万/月,广州-天河区
中译语通科技（青岛）有限公司,数据采集工程师,6-8千/月,青岛-城阳区
深圳达闼科技控股有限公司,数据工程师(NLP),1.7-3.4万/月,北京-朝阳区
南京药石科技股份有限公司,机器学习工程师,0.9-1.6万/月,异地招聘
财华金科网络技术开发（深圳）有限公司,测试工程师,0.8-1万/月,深圳
深圳怀新企业投资顾问股份有限公司,java高级工程师,1-1.5万/月,深圳
上海傲硕信息科技有限公司,数据处理（实习生）,200元/天,上海-浦东新区
小黄狗环保科技有限公司,数据分析师,0.8-1.5万/月,深圳-南山区
上海鹏越惊虹信息技术发展有限公司,Java资深程序员,0.8-1万/月,上海-浦东新区
广州轩浪电子商务有限公司,人工智能研发工程师/专家,2-2.5万/月,广州-荔湾区
天津开发区先特网络系统有限公司,软件工程师,0.8-1.2万/月,天津-南开区
广州康众普计算机科技有限公司,PHP高级开发工程师 10k-15k/月,1-1.5万/月,广州-海珠区
中信百信银行股份有限公司,模型开发工程师-大数据中心-信息技术部-研发,3-5万/月,北京-朝阳区
成都柠檬云网络技术有限公司,中级WEB全栈工程师,1-1.5万/月,成都-高新区
上海登飞计算机科技有限公司,java 高级开发工程师（上海.徐家汇）,1-1.5万/月,上海
中国铁道科学研究院电子计算技术研究所,大数据研发/分析工程师(ASP),1-3万/月,北京-海淀区
广州牵引力教育科技有限公司,Python老师,0.6-1.2万/月,重庆-渝中区
广东广业开元科技有限公司,中高级爬虫工程师,0.8-2万/月,广州
北京国研网信息有限公司,爬虫开发工程师,1-2.5万/月,北京-东城区
上海云济信息科技有限公司,爬虫经理,,上海-徐汇区
成都云幽科技有限公司,Python培训讲师,0.7-1.5万/月,成都-高新区
深圳市汇星数字技术有限公司,爬虫开发工程师,0.7-1万/月,深圳-南山区
有米科技股份有限公司,爬虫工程师,1.4-2.5万/月,广州-番禺区
北京千锋互联科技有限公司广州分公司,python讲师,2-3万/月,广州-天河区
玑脉（上海）数据技术有限公司,资深爬虫工程师,1-1.5万/月,上海-杨浦区
浙江优正网络科技有限公司,爬虫开发工程师,1-1.4万/月,南京-雨花台区
黑龙江中软国际信息技术有限公司,Python助教,3-4.5千/月,哈尔滨-南岗区
挚享科技（上海）有限公司,爬虫开发工程师,1.5-2.5万/月,上海-长宁区
湖南弯弓信息科技有限公司,python工程师,0.8-1.5万/月,长沙-岳麓区
南京安信达信息科技有限公司,数据爬虫工程师,1-2万/月,南京-雨花台区
北京水象科技有限公司,爬虫研发经理,2-3.5万/月,北京-丰台区
北京风行盛世文化传播有限公司,Python开发工程师,1-1.5万/月,北京
成都恒图教育咨询有限公司,python编程讲师,350元/天,成都-青羊区
北京华数宝科技有限公司,高级爬虫工程师,1.5-2.5万/月,北京-海淀区
平安科技（深圳）有限公司,爬虫工程师(深圳),1.5-3万/月,深圳-福田区
新华三技术有限公司,大数据Python软件开发工程师/高级工程师,1-2万/月,郑州
上海源创房屋销售有限公司,PHP开发工程师（可实习）,4-8千/月,上海-静安区
温州铭诚网络科技有限公司长沙分公司,技术员,3-3.5千/月,长沙-开福区
北京搜狗科技发展有限公司,网址导航-php高级开发工程师,2-4万/月,北京-海淀区
虎彩印艺股份有限公司,高级数据分析师,0.6-1万/月,广州-天河区
深圳自然一度科技有限公司,ODOO开发工程师,1.5-2.5万/月,异地招聘
深圳市光速度科技有限公司,php开发工程师（坂田）,0.5-1万/月,深圳-龙岗区
重庆市瑞德铭科技发展有限公司成都分公司,hadoop大数据工程师（腾讯正式岗）,0.8-1.6万/月,深圳-南山区
智慧芽信息科技（苏州）有限公司,NLP自然语言处理工程师,1.5-2.5万/月,上海-静安区
成都无糖信息技术有限公司,初级数据分析师,4-8千/月,成都-高新区
南京基食信息技术有限公司,DBA/数据库开发工程师（MySQL偏开发方向）,1-1.5万/月,南京-雨花台区
深圳电竞风暴科技有限公司,python爬虫开发工程师,1.5-3万/月,深圳-南山区
上海汇正财经顾问有限公司,爬虫开发主管（Python语言）,2.5-3万/月,上海
深圳市动车电气股份有限公司,软件开发工程师（爬虫Python）,1-1.8万/月,深圳-龙岗区
上海讯实网络科技有限公司,Python爬虫工程师,1-1.5万/月,上海-浦东新区
深圳融天云科软件技术有限公司,后台开发（Python）,1.2-1.6万/月,深圳-南山区
艾瑞咨询集团,爬虫工程师,0.8-1万/月,广州-天河区
上海讯实网络科技有限公司,DBA/ETL工程师（MySQL）,0.8-1.2万/月,上海
扬伦信息咨询(上海)有限公司,数据分析（高级）经理,2-3万/月,上海-静安区
杭州凡闻科技有限公司,逆向工程师,1-2万/月,杭州-西湖区
中国太平保险集团稽核中心,非现场监测部-数据库管理岗,0.8-1.5万/月,深圳-福田区
中国太平保险集团稽核中心,数据管理岗（非现场监测部）,15-20万/年,深圳-福田区
完美重庆,数据工程师(4173),1-1.5万/月,重庆
阿里巴巴集团,安全部-安全开发专家-北京/杭州,,北京
深圳市腾讯计算机系统有限公司,TEG13-后台开发工程师（深圳）,,深圳
智慧芽信息科技（苏州）有限公司,Java工程师-大数据处理,1-1.5万/月,苏州-工业园区
太平洋网络,数据分析师,1.5-2万/月,广州
上海阿米特数据系统有限公司,高级软件开发工程师,1-1.5万/月,东莞-莞城区
上海阿米特数据系统有限公司,高级软件开发工程师,1-1.5万/月,武汉
江苏中润四方科技有限公司,高级爬虫工程师,1.5-2万/月,南京
深圳市易仓科技有限公司,高级爬虫工程师,1-2万/月,深圳-南山区
南京瑞文轶科信息科技有限公司,Python高级开发工程师,1.5-3万/月,南京-玄武区
郑州信盈达电子有限公司,,6-8千/月,郑州
百纳（武汉）信息技术有限公司,Python开发工程师,0.8-1.2万/月,武汉-洪山区
北京TMO管理咨询有限公司,数据分析1004,2-5千/月,异地招聘
北京TMO管理咨询有限公司,数据分析1004,2-5千/月,异地招聘
深圳平安综合金融服务有限公司（平安金服）,数据分析师（深圳，法律合规团队）,14-28万/年,深圳-福田区
广州一秒钟表有限公司,Python开发工程师,0.8-1万/月,广州-黄埔区
北京东方略生物医药科技股份有限公司,爬虫搜索软件工程师,2-2.5万/月,北京
深圳市亿沃通科技有限公司,爬虫开发工程师,1-1.5万/月,深圳-龙华新区
传智播客教育集团顺义校区,Python  就业指导(J10734),0.8-1万/月,北京-顺义区
匠品科技（深圳）有限公司,大数据工程师,0.8-1.5万/月,昆明-官渡区
上海虎宝网络科技有限公司,大数据架构师,2-4万/月,上海-松江区
深圳市赢时胜信息技术股份有限公司上海分公司,大数据开发工程师（上海）,1.2-2万/月,上海-浦东新区
熵一资产管理（上海）有限公司,数据开发工程师,0.8-2.5万/月,上海-浦东新区
上海造艺网络科技有限公司,Python高级开发工程师,1.8-2.6万/月,上海-杨浦区
跑哪儿科技（北京）有限公司,高级爬虫工程师,1-1.5万/月,成都-高新区
上海阿特门计算机技术有限公司,Python高级开发工程师,1-1.5万/月,上海-浦东新区
深圳市中鹏教育科技股份有限公司,PYTHON讲师,1.7-3.4万/月,深圳-南山区
魔方元科技,高级Python开发工程师,1.3-2.3万/月,上海
成都新大瀚人力资源管理有限公司,Python研发工程师,0.7-1.5万/月,成都
上海链集电子商务有限公司,"后端工程师（爬虫,数据分析)",1.5-5万/月,上海-普陀区
福州网乐网络科技有限公司,Python开发工程师,0.8-1.6万/月,福州
传智播客教育集团南京分校,Python就业指导专员,15-20万/年,南京-雨花台区
传智播客教育集团南京分校,Python就业指导专员,10-15万/年,异地招聘
传智播客教育集团顺义校区,Python 技术辅导员(J10956),1-1.5万/月,北京-顺义区
深圳市泽林软件技术有限公司,python讲师,1.5-2.5万/月,深圳-南山区
北京数字一百市场咨询有限公司,python爬虫工程师,1.5-2.5万/月,北京-朝阳区
深圳同方以衡基金管理有限公司,AI爬虫Python工程师,2-2.5万/月,上海-浦东新区
南通成天软件科技有限公司,python爬虫开发工程师,4-7千/月,南通
海南新浪爱问普惠科技有限公司,Python高级爬虫工程师,2.5-3万/月,深圳
深圳市爱美购科技有限公司,软件开发工程师(Python数据爬虫),0.8-1.6万/月,深圳-南山区
静瞳海外投资顾问（深圳）有限公司,数字货币程序员/量化交易程序员,1.8-3万/月,广州
汇桔网,数据采集工程师,1-1.5万/月,北京-海淀区
重庆百润洪知识产权代理有限公司,大数据总监,2-3万/月,重庆-南岸区
华西证券股份有限公司,C++开发工程师（人工智能方向）,1-1.5万/月,成都
上海美好家实业有限公司,Java工程师,2-4万/月,上海-长宁区
北京宏图远见科技有限公司,数据分析师,1-1.5万/月,北京-海淀区
北京捷泰天域信息技术有限公司,数据挖掘与分析师,2-4万/月,北京-朝阳区
福建小脉部网络科技有限公司,PHP开发工程师,1-1.5万/月,福州
深圳前海维度信息技术有限公司,Java资深开发工程师,1.5-2万/月,深圳-南山区
网思科技有限公司,数据算法工程师/大数据开发工程师,1.5-2万/月,广州-天河区
深圳荣灿大数据技术有限公司,数据采集工程师,1-1.5万/月,深圳-宝安区
广州远信软件科技有限公司,程序员,0.5-1万/月,广州-越秀区
上海思贤信息技术股份有限公司,高级数据挖掘工程师,1-2万/月,上海-徐汇区
南京苏宁软件技术有限公司,Python开发工程师（研究院）,1.5-3万/月,南京-玄武区
苏州英瀚时信息科技有限公司,Python开发工程师,0.6-1万/月,苏州-工业园区
广州创娱网络科技有限公司,Python开发工程师,1-1.5万/月,广州
杭州凡闻科技有限公司,爬虫软件开发工程师,1.5-2.5万/月,杭州
深圳市比量科技传媒有限公司,python研发实习生,3-4.5千/月,珠海
中国太平保险集团稽核中心,非现场监测部-爬虫工程师,0.8-1.5万/月,深圳-福田区
上海携宁计算机科技股份有限公司,Python开发工程师,0.8-1万/月,上海-徐汇区
深圳梵谷人力资源有限公司,爬虫开发工程师,1.5-2.5万/月,异地招聘
成都聚拓信息技术有限公司,Python 后端开发工程师,0.8-1万/月,异地招聘
北京智慧星光信息技术有限公司,Python开发工程师,1-1.5万/月,北京-海淀区
苏州贝尔塔数据技术有限公司,爬虫开发工程师,1-1.5万/月,苏州-工业园区
成都智库二八六一信息技术有限公司,高级网络爬虫工程师,1-2万/月,成都-高新区
上海载和网络科技有限公司,爬虫算法工程师,1.5-2.5万/月,上海-浦东新区
上海抱元网络科技有限公司,Python中级开发工程师,1-1.5万/月,上海-徐汇区
四川弘和集团,Python开发工程师,0.8-1万/月,成都-武侯区
西安优逸客网络科技有限公司,Python开发工程师,0.6-1万/月,西安-雁塔区
南京茂毓通软件科技有限公司,网络爬虫开发工程师,,南京-雨花台区
深圳市博览天下票务服务有限公司,Java开发工程师/爬虫/采集,0.6-1万/月,常德
笨鸟社交,数据研究院-爬虫工程师,2-4万/月,厦门
深圳市爱飞亿科技有限公司,PHP+Python软件工程师,1.5-2万/月,深圳-龙岗区
杭州牛盾网络技术有限公司,后端开发实习生,4-8千/月,杭州-余杭区
上海小寓信息科技有限公司,JAVA开发经理（基础平台）,3-4万/月,上海-徐汇区
广州求新信息科技有限公司,PHP中级开发工程师,0.8-1.5万/月,广州-番禺区
北京尖峰计算机系统有限公司武汉分公司,AI算法工程师,0.8-1.5万/月,武汉
上海特思尔大宇宙商务咨询有限公司,中级软件开发工程师（PHP）,1-1.5万/月,上海-静安区
上海云克网络科技有限公司北京市朝阳分公司,PHP开发工程师,1.5-2万/月,北京
爱客科技（深圳）有限公司,Node.js 全栈工程师,1-2万/月,深圳-南山区
爱客科技（深圳）有限公司,Node.js 后台工程师,1-2万/月,深圳-南山区
爱客科技（深圳）有限公司,Node.js 高级后台工程师,1.8-3.5万/月,深圳-南山区
爱客科技（深圳）有限公司,Node.js 高級全栈工程师,1.8-3.5万/月,深圳-南山区
湖南潭州教育网络科技有限公司成都分公司,有前途的人都会选择Python助教,3-6千/月,成都-高新区
厦门艾帝尔斯进出口有限公司,python数据挖掘工程师,3-8千/月,厦门
厦门艾帝尔斯进出口有限公司,数据挖掘/Python工程师,4.5-9千/月,厦门
厦门艾帝尔斯进出口有限公司,python数据挖掘工程师,4-8千/月,厦门
南京泽谷软件有限公司,爬虫开发工程师,0.5-1万/月,广州-番禺区
网易集团,高级/资深数据挖掘--严选-邮件事业部172,1.5-2万/月,杭州
亿达信息技术有限公司,算法工程师,1-1.5万/月,大连-高新园区
广州奥凯信息咨询有限公司,项目总监（大数据业务方向）,2-3.5万/月,广州
武汉研锶信息科技有限公司,数据挖掘工程师,0.5-1万/月,武汉-东湖新技...
深圳市德科信息技术有限公司,数据采集工程师,0.8-1万/月,上海-浦东新区
京东集团总部,大数据算法工程师-生态业务部,2-3万/月,北京-朝阳区
深圳中科世界机器人有限公司,深度学习型算法工程师,1-2万/月,深圳-宝安区
上海腾道信息技术有限公司,算法工程师,1.5-2万/月,上海-浦东新区
江苏盛凡知识产权服务股份有限公司,计算机技术员/数据分析师,0.6-1万/月,徐州
上海放牛娃信息科技有限公司,语义工程师,2-2.5万/月,上海-徐汇区
广州若羽臣科技股份有限公司,Web前端开发,3-8千/月,广州-黄埔区
杭州锐致商务咨询有限公司,数据挖掘工程师（paython）,1.5-2万/月,北京-朝阳区
北京恒昌利通投资管理有限公司,数据开发工程师,1.5-3万/月,北京-朝阳区
深圳市多度科技有限公司,Pathon开发工程师（邻道传媒）,1.5-1.8万/月,深圳-南山区
杭州筑龙信息技术股份有限公司,.net项目经理,1.5-2万/月,杭州-滨江区
博雅软件股份有限公司,爬虫工程师,1-1.5万/月,北京-海淀区
深圳市览众科技股份有限公司,Python开发工程师,7-9千/月,深圳-南山区
华勤通讯技术有限公司,python开发工程师,,上海-浦东新区
北京益普索市场咨询有限公司,爬虫开发工程师/高级工程师,1.5-3.5万/月,上海-静安区
北京米多琪文化有限公司,Python开发工程师,0.8-1万/月,北京
上海绿谷制药有限公司,运维工程师（人工智能中心）,1.5-2万/月,上海-浦东新区
深圳市傲基电子商务股份有限公司,高级运维开发工程师,1.5-2.5万/月,深圳-龙岗区
杭州城市大数据运营有限公司,大数据分析,1.5-3万/月,杭州-江干区
深圳光启空间技术有限公司,算法工程师,1.2-3万/月,杭州-余杭区
深圳联友科技有限公司,大数据开发工程师,0.8-1.5万/月,广州-花都区
上海奥腾计算机科技有限公司,Python工程师,1.5-2万/月,上海
上海优克锡企业管理顾问有限公司,资深爬虫工程师,2-3.5万/月,上海-浦东新区
南京小安信息科技有限公司,网络爬虫工程师,1-1.5万/月,上海-浦东新区
南京小安信息科技有限公司,网络爬虫工程师,1-1.5万/月,北京-朝阳区
南京小安信息科技有限公司,网络爬虫工程师,1-1.5万/月,南京-玄武区
南京瑞文轶科信息科技有限公司,高级爬虫工程师,1.2-2万/月,南京-玄武区
深圳市财税无忧科技有限公司,Python爬虫工程师,1-1.5万/月,深圳
北京视野金融信息服务有限公司,python爬虫工程师,1.5-2万/月,北京-海淀区
苏州紫豹科技有限公司,高级python（爬虫）工程师,20-30万/年,苏州-工业园区
杭州百众企业管理咨询有限公司,python爬虫工程师,1.8-2.5万/月,杭州
青岛锐才管理咨询有限公司,Java高级开发工程师,1-2万/月,青岛-崂山区
湖南乐泊科技有限公司,数据工程师,4-7千/月,长沙
广州星逸文化有限公司,PHP高级开发工程师,1-1.8万/月,广州
竹间智能科技（上海）有限公司,AI数据处理工程师,1-2万/月,上海
上海企顺信息系统有限公司,系统开发工程师,1-1.5万/月,上海
伊拾壹企业管理咨询（深圳）有限公司,,500元/天,深圳-罗湖区
九坤投资（北京）有限公司,数据开发工程师,2-2.5万/月,上海-浦东新区
货车帮,风控建模/数据分析R02,1.5-3万/月,上海-长宁区
上海链家,数据抓取工程师,1.5-2.5万/月,北京-海淀区
杭州德亚投资管理有限公司,运维工程师,6-8千/月,杭州-上城区
上海安捷力信息系统有限公司,主数据工程师,6-8千/月,上海-长宁区
深圳国泰安教育技术股份有限公司,人工智能算法工程师,1-1.5万/月,合肥
深圳市邦德布拉泽科技有限公司,.NET开发工程师,1.5-2万/月,深圳-南山区
深圳市大富科技股份有限公司,图像算法工程师,0.8-1.5万/月,成都
深圳前海全盈科技有限公司,大数据开发工程师,1-1.5万/月,深圳-福田区
成都源代码教育咨询有限公司,Python高级开发工程师,1.5-2.5万/月,成都-高新区
七彩阳光（北京）旅行社有限公司,爬虫工程师,1-3万/月,北京-海淀区
中证信用增进股份有限公司,高级爬虫工程师,1.5-2.5万/月,武汉-洪山区
广东格兰仕集团有限公司,高级网络爬虫工程师,2-2.5万/月,中山
天津优姆金机械销售有限公司,Python工程师,0.8-1万/月,异地招聘
软通动力信息技术（集团）有限公司,Python开发工程师,0.8-1.5万/月,深圳-龙岗区
成都优啦信息技术有限公司,Python开发工程师,0.5-1万/月,成都-高新区
上海冰鉴信息科技有限公司,高级爬虫开发工程师,21-40万/年,成都-高新区
北京中京天成检验认证中心有限公司,爬虫工程师,1.5-2万/月,北京-朝阳区
苏州橘子网络科技股份有限公司,Python开发工程师,1.5-2万/月,苏州
飞友科技有限公司,爬虫开发工程师,1-2万/月,合肥
成都信升斯科技有限公司,Python开发工程师,1.5-2.5万/月,成都
香港澳华医疗产业集团,爬虫开发工程师,0.5-1万/月,成都-高新区
北京艾沃仕科技有限公司,Python开发工程师,1-1.5万/月,北京-东城区
深圳市百诺信科技有限公司,Python高级开发工程师,15-20万/年,深圳
深圳市智慧银杏网络科技有限公司,研究经理,18-30万/年,深圳-南山区
上海涌融金融信息服务有限公司,数据开发工程师,0.8-1万/月,上海-静安区
上海市数字证书认证中心有限公司,Java高级开发工程师,20-30万/年,上海
江苏省未来网络创新研究院,大数据工程师,0.5-1.5万/月,南京
常州好开心网络科技有限公司,技术主管,1-1.5万/月,常州
达达-京东到家,算法工程师,1.5-2.5万/月,北京-大兴区
艾瑞咨询集团,数据挖掘师,1-1.5万/月,广州-天河区
艾瑞咨询集团,高级数据挖掘师,1.5-2万/月,广州-天河区
艾瑞咨询集团,研究助理/实习生,100元/天,上海-徐汇区
艾瑞咨询集团,高级数据库工程师,1.5-3万/月,北京
佛山市平河科技有限公司,Python开发工程师,0.6-1.2万/月,佛山-禅城区
同程艺龙,C++/Go/Lua/Python开发工程师,1.5-2万/月,苏州
珠海世纪鼎利科技股份有限公司,北京-Python人工智能讲师,2-2.5万/月,北京-海淀区
成都云禾网信科技有限公司,爬虫开发工程师,0.6-1万/月,成都-龙泉驿区
融投世界科技有限公司,网络爬虫工程师,1-2万/月,异地招聘
北京经世万方信息技术有限公司,Python数据分析师,10-15万/年,北京-朝阳区
北京汉能光伏投资有限公司,大数据研发高级工程师(025985),1.5-2万/月,北京
飞扬集团,软件工程师--新材料促进中心,0.8-2万/月,深圳
北京比特大陆科技有限公司,大数据工程师-深圳-00749,20-30万/年,深圳-南山区
北京搜狗科技发展有限公司,垂直搜索-数据抓取工程师-北京-04071,2-4万/月,北京-海淀区
有米科技股份有限公司,广告系统后端研发工程师,1.4-2.5万/月,广州-番禺区
上海复深蓝软件股份有限公司,大数据开发工程师（08项目）,1-2万/月,上海-徐汇区
上海碧虎网络科技有限公司,大数据挖掘工程师,1.5-2.5万/月,上海-普陀区
重庆格泰尚恒网络科技有限公司,机器人开发工程师,1.2-2.2万/月,重庆-渝北区
怡和科技（上海）有限公司,BI数据分析师,1-1.5万/月,上海-黄浦区
上海吾创信息科技有限公司,C#.net开发,1-1.8万/月,上海-浦东新区
万得信息技术股份有限公司（Wind资讯）,软件工程师（算法高级）,,南京
万得信息技术股份有限公司（Wind资讯）,软件工程师（算法征信）,,南京
万得信息技术股份有限公司（Wind资讯）,软件工程师（算法研究）,,南京
万得信息技术股份有限公司（Wind资讯）,资深软件工程师（搜索引擎）,,南京
万得信息技术股份有限公司（Wind资讯）,高级JAVA软件工程师,20-30万/年,南京
万得信息技术股份有限公司（Wind资讯）,搜索引擎专家,30-40万/年,南京-建邺区
北京榆钱投资管理有限公司,python web工程师,0.8-1.5万/月,武汉-东湖新技...
武汉希尔智慧科技有限公司,大数据开发高级工程师,2-3.5万/月,武汉-东湖新技...
重庆车云金服科技股份有限公司,数据后端工程师,1-2万/月,重庆
北京科讯世纪科技有限公司,大数据开发工程师,1.6-3万/月,北京-朝阳区
智阳网络技术（上海）有限公司,高级算法工程师,2-4万/月,上海-浦东新区
华瑞新智科技（北京）有限公司,数据采集工程师,1-1.5万/月,北京-海淀区
广州虎牙信息科技有限公司,数据分析师（商业分析方向）,2-4万/月,广州-番禺区
广州市华誉电脑系统有限公司,Python开发工程师(双休 五险一金 带薪年假 年度旅游）,4.5-6千/月,广州-白云区
苏州冷静文化传媒有限公司,爬虫工程师,0.6-1.2万/月,苏州-工业园区
广州牵引力教育科技有限公司,Python高级开发工程师,1.2-1.5万/月,广州-白云区
广州牵引力教育科技有限公司,Python高级开发工程师,1-1.5万/月,广州-白云区
上海讯实网络科技有限公司,网络爬虫工程师,0.8-1万/月,南京-雨花台区
上海丞澜网络科技有限公司,资深数据分析师（现金贷经验）,1.7-2.5万/月,上海-黄浦区
珠海横琴博易数据技术有限公司,急聘开发工程师,7-9.9千/月,珠海
苏州市中地行信息技术有限公司,大数据开发工程师,1-1.5万/月,苏州-工业园区
上海云克网络科技有限公司北京市朝阳分公司,后端开发工程师,1.5-2万/月,北京
广东中建普联科技股份有限公司,初/中级数据采集工程师,0.6-1.3万/月,广州-天河区
上海圣岚广告有限公司,系统集成工程师,1-1.5万/月,上海-静安区
安徽赤心网络科技有限公司,技术总监,1.5-2万/月,合肥-政务区
上海商群商务咨询管理有限公司,IT程序员,0.9-1.8万/月,上海-徐汇区
青岛劳谦管理顾问有限公司,高级java工程师,1.2-2.5万/月,青岛
北京风行在线技术有限公司,开发工程师（校招）,0.8-1.2万/月,北京-海淀区
江苏国瑞信安科技有限公司,安全服务工程师,6-8千/月,南京
飞鱼科技国际有限公司,PHP平台开发经理,1.2-2.4万/月,深圳-南山区
大连金力得科技发展有限公司,数据分析师,3-6千/月,大连-甘井子区
深圳市博阅科技股份有限公司,高级机器学习算法工程师,2-2.5万/月,深圳
成都大图网络技术有限公司,爬虫开发工程师,4-8千/月,成都
深圳市炽盛科技有限公司,爬虫开发工程师,0.8-1.5万/月,深圳-龙岗区
北京嘉遁数据科技有限公司,数据爬虫工程师,0.6-1.2万/月,成都-高新区
亿达信息技术有限公司,Python开发工程师,0.8-1.2万/月,大连-高新园区
西安飞凡网络技术咨询有限公司,python讲师,0.8-1万/月,西安
广州每信信息科技有限公司,爬虫讲师,15-20万/年,广州
杭州祐全科技发展有限公司,Python开发工程师,0.8-1.5万/月,杭州-余杭区
深圳合众财富金融投资管理有限公司广州分公司,资深爬虫研发工程师,1.5-2万/月,深圳-南山区
杭州橙鹰数据技术有限公司,资深爬虫工程师,2-3万/月,杭州-余杭区
广州若羽臣科技股份有限公司,WEB前端开发,0.5-1万/月,广州-黄埔区
湖南立正电子商务有限公司,PHP高级开发工程师（急）,0.7-1.3万/月,长沙-岳麓区
喜茶,数据分析经理,1.3-1.8万/月,深圳-南山区
杭州睿拓智能科技有限公司,数据采集工程师,1.2-2万/月,杭州-滨江区
新电信息科技（成都）有限公司,,,成都-高新区
北京阿博茨科技有限公司武汉分公司,数据工程师,0.8-1.5万/月,武汉
赛业（广州）生物科技有限公司,后端开发工程师,6-8千/月,广州
上海育创网络科技股份有限公司,大数据分析师//人工智能行业，培养方向/15-30K/近地铁,2-2.5万/月,上海-浦东新区
南京甄视智能科技有限公司（简称：小视科技）,大数据挖掘工程师,1.2-2.5万/月,南京-江宁区
广州远信软件科技有限公司,Java开发工程师,0.5-1万/月,广州-越秀区
广州远信软件科技有限公司,软件工程师,0.5-1万/月,广州-越秀区
上海容大教育培训有限公司,Python全栈讲师（普陀）,2-2.5万/月,上海-普陀区
上海容大教育培训有限公司,Python全栈讲师,1.5-2万/月,上海-普陀区
广州牵引力教育科技有限公司,Python讲师/python工程师,1.5-2万/月,广州-白云区
北京网络职业学院,Python+人工智能讲师,1.5-3.5万/月,北京-房山区
达内时代科技集团有限公司,Python讲师,1.8-3万/月,北京
中兴软创科技股份有限公司,Python工程师,0.8-1.5万/月,南京-江宁区
青岛智能产业技术研究院,数据采集工程师,0.6-1万/月,青岛-城阳区
成都优啦信息技术有限公司,数据挖掘工程师,1-1.5万/月,成都-高新区
京东集团总部,中高级大数据挖掘/算法工程师,1.5-5万/月,成都
智慧芽信息科技（苏州）有限公司,大数据架构师,3-4万/月,苏州-工业园区
苏州冷静文化传媒有限公司,数据分析师,4-5千/月,苏州-工业园区
广州马可文化传播有限公司,高级数据分析师,1.5-2万/月,广州-番禺区
武汉尚云客网络技术有限公司,大数据开发工程师/讲师,1.5-2万/月,武汉-洪山区
广州景煜电子商务有限公司,电商数据分析专员/数据统计助理,3-5千/月,广州-天河区
富士康科技集团人资总处,数据处理开发工程师,6-8千/月,深圳
林同棪（重庆）国际工程技术有限公司,BIM大数据软件工程师,0.8-1万/月,重庆-渝北区
万得信息技术股份有限公司（Wind资讯）,JAVA架构师,20-30万/年,南京-建邺区
万得信息技术股份有限公司（Wind资讯）,资深JAVA软件工程师,20-30万/年,南京-建邺区
万得信息技术股份有限公司（Wind资讯）,高级软件工程师（搜索引擎）,20-30万/年,南京-建邺区
万得信息技术股份有限公司（Wind资讯）,JAVA架构师,20-30万/年,上海-浦东新区
陕西西部资信股份有限公司,数据开发工程师（SME）,1-1.5万/月,西安-高新技术...
湖南福米信息科技有限责任公司,大数据平台,1.2-2万/月,长沙
广州奥凯信息咨询有限公司,数据挖掘工程师,0.9-1.8万/月,广州
河南众睿之星汽车销售有限公司,风控经理 风控负责人,1.5-2.5万/月,郑州-郑东新区
无锡知谷网络科技有限公司,大数据产品助理,0.6-1万/月,无锡
深圳市学灯教育科技有限公司,Python开发工程师,0.8-1.5万/月,广州-天河区
深圳市比量科技传媒有限公司,Python研发工程师,0.6-1.2万/月,珠海
成都源代码教育咨询有限公司,Python讲师,1.5-2.5万/月,成都-高新区
河南智游臻龙教育科技有限公司,Python开发工程师,0.8-1.2万/月,郑州
北京千锋互联科技有限公司,python讲师,2-2.5万/月,郑州
(ZAKER)广州坚和网络科技有限公司,平台架构师,2.5-3万/月,广州-天河区
苏州梦嘉传媒有限公司,数据分析师,0.6-1万/月,苏州-工业园区
西安银信博锐信息科技有限公司,算法工程师,4.5-6千/月,西安
达达-京东到家,算法工程师,1.5-2万/月,北京-大兴区
锥能机器人（上海）有限公司,数据分析,0.8-1.5万/月,上海-普陀区
苏州纽克力信息技术有限公司,数据分析师,6-8千/月,苏州-工业园区
昆山和君纵达数据科技有限公司,高级数据采集师,1.5-3万/月,昆山
广东珠光集团有限公司,产研设计师,10-15万/年,广州-天河区
浙江非线数联科技有限公司,大数据开发工程师,0.8-1.5万/月,杭州
四川伯乐帮科技有限公司,中高级数据挖掘,2-2.5万/月,成都-高新区
上海慎则化工科技有限公司,数据工程师,1.5-2万/月,上海-浦东新区
中企动力科技股份有限公司,自动化测试工程师,0.9-1.5万/月,成都
北京品友互动信息技术股份公司,全栈工程师,2.5-3万/月,北京
绿盟科技,安全开发工程师J11122,1-1.5万/月,北京
绎达咨询（成都）股份有限公司,python开发,4-7千/月,成都-高新区
上海闻曦信息科技有限公司,AI上Python主讲老师,0.6-1万/月,上海-杨浦区
上海优帕克企业发展有限公司,爬虫工程师,1-2万/月,上海-静安区
传智播客教育集团顺义校区,助教(J10691),0.8-1万/月,北京-昌平区
传智播客教育集团顺义校区,就业指导专员(J10845),1-1.5万/月,北京-顺义区
福州网乐网络科技有限公司,自然语言处理工程师,0.8-1万/月,福州
北京数字一百市场咨询有限公司,数据分析师,0.7-1.2万/月,北京-朝阳区
深圳前海维度信息技术有限公司,Java开发工程师,1-1.5万/月,深圳-南山区
北京TMO管理咨询有限公司,电话销售2,200元/天,异地招聘
深圳市长亮科技股份有限公司,初级金融、互联网 数据分析挖掘机器学习研究岗,0.8-1.5万/月,广州-天河区
深圳市长亮科技股份有限公司,金融互联网数据挖掘机器学习实习生,3-4千/月,广州-天河区
九坤投资（北京）有限公司,数据开发工程师,2-2.5万/月,北京-海淀区
成都菲斯特房地产营销策划有限公司,大数据挖掘工程师,0.8-1.2万/月,成都
中瑞集团,数据挖掘工程师,0.6-1.2万/月,青岛-市北区
深圳市深讯数据科技股份有限公司,大数据开发工程师,1.5-2万/月,深圳-南山区
汉唐信通（北京）咨询股份有限公司,机器学习算法工程师,2-3万/月,北京
万得信息技术股份有限公司（Wind资讯）,资深JAVA软件工程师,20-30万/年,上海-浦东新区
万得信息技术股份有限公司（Wind资讯）,高级JAVA软件工程师,20-30万/年,上海-浦东新区
比亚迪股份有限公司,Hadoop工程师,1-2万/月,深圳
安徽人与科技发展股份有限公司,数据研发工程师,0.5-1万/月,合肥
汕头市地利房地产经纪有限公司,数据采集工程师,6-8千/月,汕头
新道科技股份有限公司,大数据开发工程师,1.5-3万/月,北京-海淀区
深圳云天励飞技术有限公司,大数据系统研发工程师,1-2万/月,深圳-福田区
武汉研锶信息科技有限公司,数据挖掘高级工程师,0.5-1.5万/月,武汉-东湖新技...
上海复深蓝软件股份有限公司,大数据开发(hadoop/scala/flume)(编号04）,1-2万/月,上海-静安区
成都国星宇航科技有限公司,爬虫工程师（高级）,0.8-1.7万/月,成都-高新区
北京商高科技有限公司,python后端工程师,1.5-2万/月,北京-丰台区
安徽中意之旅信息科技有限公司,Java开发工程师,6-8千/月,淮南
上海花事电子商务有限公司,Java中级开发工程师,1.5-2.5万/月,上海-闵行区
融中集团,数据管理员,0.8-1万/月,北京
卫盈联信息技术（深圳）有限公司,数据安全工程师,1.5-2.5万/月,深圳-南山区
深圳市大疆创新科技有限公司,数据工程师,1.2-2.4万/月,深圳-南山区
大连翼峰软件有限公司,Java开发工程师,6-8千/月,佛山
启德教育集团留学广州分公司,高级数据分析师,1-1.5万/月,广州-越秀区
深圳市汇通合力科技股份有限公司,云开发工程师（java工程师）,2.5-3万/月,深圳
上海复亚通信科技有限公司,高级运维工程师(新加坡),2-3.5万/月,异地招聘
中联重科总部,大数据分析工程师,1-1.5万/月,长沙-岳麓区
深圳市圣魂文化科技有限公司,自然语言处理工程师（NLP）,1.5-2万/月,深圳-南山区
厦门蒙友互联软件有限公司,ASP.NET开发工程师,0.8-1.6万/月,厦门
上海芬木网络科技发展有限公司,软件开发工程师（金融方向）,1-2.5万/月,上海-闵行区
广州力挚网络科技有限公司,大数据算法工程师,1-2万/月,广州-天河区
太极计算机股份有限公司,大数据采集工程师(zy-t-20180522-001b),1-1.7万/月,北京-朝阳区
上海坤亿信息技术有限公司,C#.net工程师,1-1.5万/月,上海-浦东新区
北京数字一百市场咨询有限公司,数据研究员,1.5-2万/月,北京-朝阳区
北京数字一百市场咨询有限公司,数据研究员,1.5千/月,北京-朝阳区
深圳同方以衡基金管理有限公司,java数据工程师,1.5-2.5万/月,上海-浦东新区
北京搜狗科技发展有限公司,后台开发工程师,2-4万/月,北京-海淀区
万库标杆科技有限公司,项目经理,2-3万/月,北京-海淀区
昆山和君纵达数据科技有限公司,高级数据采集师,1.5-3万/月,异地招聘
大连翼峰软件有限公司,Java开发工程师,6-8千/月,异地招聘
广州龙骐贸易有限公司,PHP工程师,1-1.5万/月,广州-白云区
深圳市荣创投资管理有限公司,高薪：急聘Go语言区块链开发工程师,2.5-3万/月,深圳-南山区
上海同梁智能科技有限公司,Python开发工程师（爬虫）,5-7千/月,上海-杨浦区
深圳市祺浩达科技有限公司,,2-3千/月,深圳-福田区
广州聚焦网络技术有限公司,自然语言处理工程师,1-2万/月,广州
东华软件股份公司,数据抓取工程师,0.8-1.6万/月,武汉
东华软件股份公司,数据抓取工程师,0.8-1.6万/月,西安
东华软件股份公司,数据抓取工程师,0.8-1.6万/月,北京
杭州优量科技有限公司,技术总监,3-5万/月,杭州-滨江区
唯品会（中国）有限公司,大数据开发工程师,,广州
杭州鲍洱机电有限公司,网络信息安全工程师,1-1.5万/月,杭州-滨江区
阿里巴巴集团,iDST-翻译技术-数据挖掘专家-杭州,,杭州
阿里巴巴集团,亚博科技-高级算法工程师,,北京
阿里巴巴集团,亚博科技-高级研发工程师,,北京
深圳市腾讯计算机系统有限公司,OMG236-腾讯视频搜索后台开发（深圳）,,深圳
深圳市腾讯计算机系统有限公司,15851-后台开发工程师,,深圳
